"id","name","os","status","account","dept","division","owner","storage","cpu","memory"
"3000","bmw056.serverfarm.cornell.edu","Linux","Gone","R534702","CIT","Information Systems","gm228","381","2","8192"
"3001","bmw057.serverfarm.cornell.edu","Linux","Active","R534702","CIT","Information Systems","gm228","795","2","8192"
"3002","maxima02.mail.cornell.edu","Linux","Active","R524717","CIT","Support","pb10","563","4","16384"
"3003","maxima04.mail.cornell.edu","Linux","Active","R524717","CIT","Support","pb10","563","4","16384"
"3004","maxima03.mail.cornell.edu","Linux","Active","R524717","CIT","Support","pb10","563","4","16384"
"3005","maxima01.mail.cornell.edu","Linux","Active","R524717","CIT","Support","pb10","424","4","16384"
"3008","miata01.serverfarm.cornell.edu","Linux","Gone","R524890","CIT","Systems & Operations","ljc1","136","16",""
"3011","bmw058.serverfarm.cornell.edu","Linux","Active","R534702","CIT","Information Systems","gm228","160","2","8192"
"3012","sf-infranode037.serverfarm.cornell.edu","Linux","Active","R524870","CIT","Systems & Operations","ljc1","197","4","8192"
"3013","huron4.serverfarm.cornell.edu","Linux","Gone","R524890","CIT","Systems & Operations","ljc1","385","32",""
"3014","oxton112.serverfarm.cornell.edu","Linux","Gone","1047638","COOPERATIVE EXTENSION","","gm228","190","2","8192"
"3015","oxton113.serverfarm.cornell.edu","Linux","Gone","1047638","COOPERATIVE EXTENSION","","gm228","131","1","4096"
"3016","bmw059.serverfarm.cornell.edu","Linux","Active","R534702","CIT","Information Systems","gm228","91","1","2048"
"3020","avalon2.serverfarm.cornell.edu","Linux","Active","R524890","CIT","Systems & Operations","ljc1","37","32",""
"3034","bmw060.serverfarm.cornell.edu","Linux","Active","R534702","CIT","Information Systems","gm228","204","2","4096"
"3035","bmw061.serverfarm.cornell.edu","Linux","Active","R534702","CIT","Information Systems","gm228","155","2","4096"
"3036","bmw062.serverfarm.cornell.edu","Linux","Active","R534702","CIT","Information Systems","gm228","634","2","4096"
"3037","bmw063.serverfarm.cornell.edu","Linux","Active","R534702","CIT","Information Systems","gm228","224","4","4096"
"3038","bmw064.serverfarm.cornell.edu","Linux","Active","R534702","CIT","Information Systems","gm228","190","4","4096"
"3039","bmw065.serverfarm.cornell.edu","Linux","Active","R534702","CIT","Information Systems","gm228","634","4","8192"
"3040","sf-infranode419.serverfarm.cornell.edu","Linux","Active","R524870","CIT","Systems & Operations","ljc1","47","1","1024"
"3044","gmc019.serverfarm.cornell.edu","Linux","Gone","R513841","CIT","Information Systems","gm228","235","2","4096"
"3045","gmc020.serverfarm.cornell.edu","Linux","Gone","R513841","CIT","Information Systems","gm228","235","2","8192"
"3046","bmw066.serverfarm.cornell.edu","Linux","Active","R534702","CIT","Information Systems","gm228","160","2","8192"
"3047","maxima99.mail.cornell.edu","Linux","Gone","R524717","CIT","Support","pb10","136","1","4096"
"3049","bmw067.serverfarm.cornell.edu","Linux","Gone","R534702","CIT","Information Systems","gm228","155","1","4096"
"3051","bmw068.serverfarm.cornell.edu","Linux","Active","R534702","CIT","Information Systems","gm228","135","1","4096"
"3052","bmw069.serverfarm.cornell.edu","Linux","Active","R534702","CIT","Information Systems","gm228","135","1","4096"
"3053","alva04.mail.cornell.edu","Linux","Gone","R524717","CIT","Support","pb10","425","2","8192"
"3054","poblano03.serverfarm.cornell.edu","Linux","Active","R513866","CIT","Systems & Operations","vm57","76","1","4096"
"3055","cork99.serverfarm.cornell.edu","Linux","Active","R704710","CIT","IT Security","se10","77","1","2048"
"3057","kuali180.serverfarm.cornell.edu","Linux","Gone","R704750","CIT","Information Systems","sjc37","47","2","4096"
"3058","kuali179.serverfarm.cornell.edu","Linux","Gone","R704750","CIT","Information Systems","sjc37","47","2","4096"
"3060","cambridge03.serverfarm.cornell.edu","Linux","Active","R524717","CIT","Support","pb10","116","1","2048"
"3061","cambridge04.serverfarm.cornell.edu","Linux","Active","R524717","CIT","Support","pb10","116","2","4096"
"3062","bmw070.serverfarm.cornell.edu","Linux","Gone","R534702","CIT","Information Systems","gm228","1070","2","8192"
"3063","bmw071.serverfarm.cornell.edu","Linux","Gone","R534702","CIT","Information Systems","gm228","677","2","8192"
"3064","sf-lib-app-010.serverfarm.cornell.edu","Linux","Active","L913702","CALS Mann Library","DIGITAL LIBRARY-TEEAL DESIGNATED","cam2","234","2","8192"
"3066","bmw072.serverfarm.cornell.edu","Linux","Active","R534702","CIT","Information Systems","gm228","160","2","8192"
"3069","oxton114.serverfarm.cornell.edu","Linux","Gone","1047638","COOPERATIVE EXTENSION","","gm228","156","2","6144"
"3077","oxton115.serverfarm.cornell.edu","Linux","Gone","R534702","CIT","Information Systems","gm228","146","1","4096"
"3078","acadtech09.serverfarm.cornell.edu","Linux","Gone","R554722","CIT","Academic Technology Services & User Support","tam42","156","1","2048"
"3079","bmw073.serverfarm.cornell.edu","Linux","Gone","R534702","CIT","Information Systems","gm228","283","2","8192"
"3080","gmc021.serverfarm.cornell.edu","Linux","Gone","R534702","CIT","Information Systems","gm228","205","2","8192"
"3082","sf-infranode420.serverfarm.cornell.edu","Linux","Active","R524870","CIT","Systems & Operations","ljc1","57","1","1024"
"3083","gmc022.serverfarm.cornell.edu","Linux","Gone","R534702","CIT","Information Systems","gm228","273","2","24576"
"3084","sf-sas-app-004.serverfarm.cornell.edu","Linux","Active","G123008","SAS IT Enterprise","","mm129","122","2","8192"
"3085","oxton116.serverfarm.cornell.edu","Linux","Active","R534702","CIT","Information Systems","gm228","225","1","4096"
"3086","oxton117.serverfarm.cornell.edu","Linux","Active","R534702","CIT","Information Systems","vm57","396","3","8192"
"3088","sf-en-pub-004.serverfarm.cornell.edu","Linux","Active","E503129","ENGINEERING OIT","","da10","116","2","2048"
"3095","oxton118.serverfarm.cornell.edu","Linux","Active","G413701","Programming Services","","gm228","406","2","8192"
"3097","webhost001.serverfarm.cornell.edu","Linux","Gone","R704755","CIT","Information Systems","sml34","57","1","2048"
"3100","webhost002.serverfarm.cornell.edu","Linux","Gone","R704755","CIT","Information Systems","sml34","57","1","2048"
"3104","kuali181.serverfarm.cornell.edu","Linux","Gone","R704750","CIT","Information Systems","sjc37","48","2","4096"
"3105","kuali182.serverfarm.cornell.edu","Linux","Gone","R704750","CIT","Information Systems","sjc37","48","2","4096"
"3106","kuali183.serverfarm.cornell.edu","Linux","Gone","R704750","CIT","Information Systems","sjc37","48","2","4096"
"3107","kuali184.serverfarm.cornell.edu","Linux","Gone","R704750","CIT","Information Systems","sjc37","48","2","4096"
"3108","bmw074.serverfarm.cornell.edu","Linux","Gone","R534702","CIT","Information Systems","gm228","116","1","4096"
"3113","bmw075.serverfarm.cornell.edu","Linux","Active","R534702","CIT","Information Systems","gm228","235","1","4096"
"3114","bmw076.serverfarm.cornell.edu","Linux","Active","R534702","CIT","Information Systems","gm228","194","2","6144"
"3119","bmw077.serverfarm.cornell.edu","Linux","Gone","R534702","CIT","Information Systems","gm228","525","2","8192"
"3120","bmw078.serverfarm.cornell.edu","Linux","Gone","R534702","CIT","Information Systems","jrc42","194","2","6144"
"3121","sf-infranode045.serverfarm.cornell.edu","Linux","Active","R524870","CIT","Systems & Operations","ljc1","1563","2","6144"
"3122","bmw079.serverfarm.cornell.edu","Linux","Active","R534702","CIT","Information Systems","gm228","248","2","8192"
"3124","sf-infranode046.serverfarm.cornell.edu","Linux","Gone","R524870","CIT","Systems & Operations","ljc1","67","4","8192"
"3125","bmw080.serverfarm.cornell.edu","Linux","Active","R534702","CIT","Information Systems","gm228","304","2","8192"
"3126","newport01.serverfarm.cornell.edu","Linux","Gone","R704750","CIT","Information Systems","vm57","141","2","4096"
"3128","sf-lib-app-011.serverfarm.cornell.edu","Linux","Active","L683720","DIGITAL LIBRARY AND INFORM TECH","","cam2","136","2","4096"
"3131","webhost003.serverfarm.cornell.edu","Linux","Gone","R704755","CIT","Information Systems","sml34","57","1","2048"
"3134","oxton119.serverfarm.cornell.edu","Linux","Gone","G474803","OFFICE OF VICE PROVOST FOR RESEARCH","RAIS - GP ALLOCATION","gm228","204","1","4096"
"3136","sf-ps-006.serverfarm.cornell.edu","Linux","Gone","R704750","CIT","Information Systems","vm57","107","2","8192"
"3137","sf-ps-np010.serverfarm.cornell.edu","Linux","Gone","R704750","CIT","Information Systems","vm57","107","2","8192"
"3138","sf-infranode518.serverfarm.cornell.edu","Linux","Gone","R524870","CIT","Systems & Operations","ljc1","54","1","1024"
"3139","sf-infranode519.serverfarm.cornell.edu","Linux","Gone","R524870","CIT","Systems & Operations","ljc1","54","1","1024"
"3141","porsche01.serverfarm.cornell.edu","Linux","Active","R534713","CIT","Network & Communication Services","amp53","332","1","1024"
"3142","sf-psleg-np038 ","Linux","Gone","R704750","CIT","Information Systems","vm57","106","2","8192"
"3143","sf-psleg-np039","Linux","Active","R704750","CIT","Information Systems","vm57","106","2","8192"
"3144","sf-sas-app-005.serverfarm.cornell.edu","Linux","Gone","G123008","SAS IT Enterprise","","mm129","117","1","2048"
"3146","bmw081.serverfarm.cornell.edu","Linux","Gone","R534702","CIT","Information Systems","gm228","175","2","8192"
"3147","bmw082.serverfarm.cornell.edu","Linux","Gone","R534702","CIT","Information Systems","gm228","121","2","8192"
"3148","bmw083.serverfarm.cornell.edu","Linux","Gone","R534702","CIT","Information Systems","gm228","273","2","8192"
"3150","sf-lib-lms-009.serverfarm.cornell.edu","Linux","Active","L854711","DIGITAL LIBRARY AND INFORM TECH","","cam2","116","2","2048"
"3156","loosestrife02.cit.cornell.edu","Linux","Active","R524870","CIT","Systems & Operations","ljc1","106","4","8192"
"3158","bmw084.serverfarm.cornell.edu","Linux","Active","R534702","CIT","Information Systems","gm228","155","2","8192"
"3161","bmw085.serverfarm.cornell.edu","Linux","Active","R534702","CIT","Information Systems","gm228","185","2","4096"
"3162","oxton120.serverfarm.cornell.edu","Linux","Gone","R534702","CIT","Information Systems","gm228","185","2","4096"
"3163","cinquefoil2.serverfarm.cornell.edu","Linux","Active","R524870","CIT","Systems & Operations","ljc1","106","4","8192"
"3164","bmw086.serverfarm.cornell.edu","Linux","Active","R534702","CIT","Information Systems","jrc42","145","1","6144"
"3166","sf-ecm-np002.serverfarm.cornell.edu","Linux","Active","R704750","CIT","Information Systems","vm57","86","2","2048"
"3167","oxton121.serverfarm.cornell.edu","Linux","Active","R534702","CIT","Information Systems","gm228","145","1","4096"
"3170","sf-agadcmp-001.serverfarm.cornell.edu","Linux","Gone","1003702","CALS","ADMIN COMPUTING - COLLEGEWIDE","map18","117","1","4096"
"3171","webhost004.serverfarm.cornell.edu","Linux","Active","L023105","LAW-INSTRUCTION & OTHER","","prw1","76","1","2048"
"3173","sf-sas-skoda01.serverfarm.cornell.edu","Linux","Gone","G124708","SAS","ADMISSIONS AND FINANCIAL AID","mm129","96","2","2048"
"3174","sf-lib-dig-013.serverfarm.cornell.edu","Linux","Gone","L854711","DIGITAL LIBRARY AND INFORM TECH","","cam2","1328","2","4096"
"3175","cambridge05.serverfarm.cornell.edu","Linux","Active","R524717","CIT","Support","pb10","116","2","4096"
"3176","cambridge06.serverfarm.cornell.edu","Linux","Active","R524717","CIT","Support","pb10","136","2","4096"
"3177","bmw087.serverfarm.cornell.edu","Linux","Gone","R534702","CIT","Information Systems","gm228","145","1","4096"
"3182","oxton122.serverfarm.cornell.edu","Linux","Active","R534702","CIT","Information Systems","gm228","155","2","8192"
"3278","capri4.serverfarm.cornell.edu","Linux","Active","R524870","CIT","Systems & Operations","ljc1","1022","2","4096"
"3280","topaz20.mail.cornell.edu","Linux","Active","R524717","CIT","Support","pb10","534","2","8192"
"3282","netman09.serverfarm.cornell.edu","Linux","Active","R532512","CIT","Network & Communication Services","ljc1","67","4","2048"
"3283","sf-infranode520.serverfarm.cornell.edu","Linux","Gone","R524870","CIT","Systems & Operations","ljc1","52","1","1024"
"3284","sf-infranode521.serverfarm.cornell.edu","Linux","Gone","R524870","CIT","Systems & Operations","ljc1","52","1","1024"
"3288","oxton123.serverfarm.cornell.edu","Linux","Active","R534702","CIT","Information Systems","gm228","180","1","4096"
"3289","sf-xcapps-np001.serverfarm.cornell.edu","Linux","Active","R704750","CIT","Information Systems","vm57","121","1","1024"
"3290","sf-capps-003.serverfarm.cornell.edu","Linux","Gone","R704750","CIT","Information Systems","ljc1","102","1","1024"
"3291","sf-xcapps-001.serverfarm.cornell.edu","Linux","Active","R704750","CIT","Information Systems","vm57","121","1","1024"
"3293","barrie20.serverfarm.cornell.edu","Linux","Active","R524870","CIT","Systems & Operations","ljc1","119","2","4096"
"3294","net-print.cit.cornell.edu","Linux","Active","R513866","CIT","Systems & Operations","vm57","139","1","4096"
"3295","dakota01.serverfarm.cornell.edu","Linux","Active","G104700","FINANCIAL SYSTEMS","","sjc37","382","4","16384"
"3298","sf-infranode522.serverfarm.cornell.edu","Linux","Active","R524870","CIT","Systems & Operations","ljc1","73","2","2048"
"3306","sf-infranode047.serverfarm.cornell.edu","Linux","Active","R524870","CIT","Systems & Operations","ljc1","86","2","4096"
"3307","webhost005.serverfarm.cornell.edu","Linux","Active","R704755","CIT","Information Systems","sml34","67","1","2048"
"3311","sf-xcapps-002.serverfarm.cornell.edu","Linux","Active","R704750","CIT","Information Systems","vm57","86","2","3072"
"3315","oxton124.serverfarm.cornell.edu","Linux","Gone","R534702","CIT","Information Systems","gm228","146","1","4096"
"3316","oxton125.serverfarm.cornell.edu","Linux","Active","R534702","CIT","Information Systems","gm228","160","1","4096"
"3319","bmw088.serverfarm.cornell.edu","Linux","Gone","R534702","CIT","Information Systems","gm228","156","1","4096"
"3320","rhodes1-probe.serverfarm.cornell.edu","Linux","Active","R532514","CIT","Network & Communication Services","ljc1","42","4",""
"3321","mcfad1-probe.serverfarm.cornell.edu","Linux","Active","R532514","CIT","Network & Communication Services","ljc1","42","4",""
"3322","clara1-probe.serverfarm.cornell.edu","Linux","Active","R532514","CIT","Network & Communication Services","ljc1","42","4",""
"3323","humph1-probe.serverfarm.cornell.edu","Linux","Active","R532514","CIT","Network & Communication Services","ljc1","42","4",""
"3324","morris1-probe.serverfarm.cornell.edu","Linux","Active","R532514","CIT","Network & Communication Services","ljc1","42","4",""
"3325","uris1-probe.serverfarm.cornell.edu","Linux","Active","R532514","CIT","Network & Communication Services","ljc1","42","4",""
"3326","hol1-probe.serverfarm.cornell.edu","Linux","Active","R532514","CIT","Network & Communication Services","ljc1","239","4",""
"3327","gs1-probe.serverfarm.cornell.edu","Linux","Active","R532514","CIT","Network & Communication Services","ljc1","42","4",""
"3328","ccc1-probe.serverfarm.cornell.edu","Linux","Active","R532514","CIT","Network & Communication Services","ljc1","42","4",""
"3329","oxton126.serverfarm.cornell.edu","Linux","Active","R534702","CIT","Information Systems","gm228","155","1","4096"
"3330","oxton127.serverfarm.cornell.edu","Linux","Active","R534702","CIT","Information Systems","gm228","155","2","6144"
"3334","larkspur3.serverfarm.cornell.edu","Linux","Active","R532503","CIT","Systems & Operations","ljc1","106","12",""
"3335","larkspur4.serverfarm.cornell.edu","Linux","Active","R532503","CIT","Systems & Operations","ljc1","106","12",""
"3336","echinacea2.serverfarm.cornell.edu","Linux","Active","R532503","CIT","Systems & Operations","ljc1","113","8",""
"3337","coralbells2.serverfarm.cornell.edu","Linux","Active","R532503","CIT","Systems & Operations","ljc1","116","8",""
"3338","gayfeather2.serverfarm.cornell.edu","Linux","Active","R532503","CIT","Systems & Operations","ljc1","113","8",""
"3341","sf-infranode524.serverfarm.cornell.edu","Linux","Gone","R524870","CIT","Systems & Operations","ljc1","52","1","1024"
"3342","sf-infranode523.serverfarm.cornell.edu","Linux","Gone","R524870","CIT","Systems & Operations","ljc1","52","1","1024"
"3343","lib-dev-017.serverfarm.cornell.edu","Linux","Active","L683714","DIGITAL LIBRARY AND INFORM TECH","","cam2","185","2","2048"
"3344","lib-dev-018.serverfarm.cornell.edu","Linux","Gone","L683714","DIGITAL LIBRARY AND INFORM TECH","","cam2","116","2","2048"
"3345","lib-dev-019.serverfarm.cornell.edu","Linux","Active","L683720","DIGITAL LIBRARY AND INFORM TECH","","cam2","237","2","2048"
"3348","sf-infranode430.serverfarm.cornell.edu","Linux","Active","R524870","CIT","Systems & Operations","ljc1","57","4","6144"
"3351","oxton128.serverfarm.cornell.edu","Linux","Gone","R534702","CIT","Information Systems","gm228","146","1","4096"
"3352","sf-ps-np011.serverfarm.cornell.edu","Linux","Active","R704750","CIT","Information Systems","vm57","86","2","8192"
"3354","husky03.serverfarm.cornell.edu","Linux","Active","R534702","CIT","Information Systems","gm228","85","4","8192"
"3356","bmw089.serverfarm.cornell.edu","Linux","Gone","R534702","CIT","Information Systems","gm228","126","2","8192"
"3357","ladyslipper2.serverfarm.cornell.edu","Linux","Active","R532503","CIT","Systems & Operations","ljc1","106","12",""
"3358","xwebhost001.serverfarm.cornell.edu","Linux","Active","R704750","CIT","Information Systems","sml34","155","1","4096"
"3359","xwebhost002.serverfarm.cornell.edu","Linux","Active","R704750","CIT","Information Systems","sml34","337","1","4096"
"3361","sf-lib-web-006.serverfarm.cornell.edu","Linux","Gone","L854711","DIGITAL LIBRARY AND INFORM TECH","","cam2","117","2","2048"
"3362","lib-discovr-04.serverfarm.cornell.edu","Linux","Gone","L854711","DIGITAL LIBRARY AND INFORM TECH","","cam2","106","2","8192"
"3363","lib-solr-007.serverfarm.cornell.edu","Linux","Gone","L854711","DIGITAL LIBRARY AND INFORM TECH","","cam2","337","2","16384"
"3364","lib-discovr-05.serverfarm.cornell.edu","Linux","Gone","L854711","DIGITAL LIBRARY AND INFORM TECH","","cam2","106","2","8192"
"3365","lib-discovr-06.serverfarm.cornell.edu","Linux","Gone","L854711","DIGITAL LIBRARY AND INFORM TECH","","cam2","106","2","8192"
"3366","lib-discovr-07.serverfarm.cornell.edu","Linux","Gone","L854711","DIGITAL LIBRARY AND INFORM TECH","","cam2","106","2","8192"
"3367","lib-solr-008.serverfarm.cornell.edu","Linux","Active","L854711","DIGITAL LIBRARY AND INFORM TECH","","cam2","337","2","12288"
"3368","oxton129.serverfarm.cornell.edu","Linux","Gone","R534702","CIT","Information Systems","gm228","146","1","4096"
"3369","bromgr.serverfarm.cornell.edu","Linux","Active","R504704","CIT","IT Security","wm63","6100","24",""
"3370","bro01.serverfarm.cornell.edu","Linux","Active","R504704","CIT","IT Security","wm63","151","24",""
"3371","bro02.serverfarm.cornell.edu","Linux","Active","R504704","CIT","IT Security","wm63","151","24",""
"3372","bro03.serverfarm.cornell.edu","Linux","Active","R504704","CIT","IT Security","wm63","151","24",""
"3373","bro04.serverfarm.cornell.edu","Linux","Active","R504704","CIT","IT Security","wm63","151","48",""
"3374","bro05.serverfarm.cornell.edu","Linux","Active","R504704","CIT","IT Security","wm63","201","48",""
"3378","bmw090.serverfarm.cornell.edu","Linux","Gone","R534702","CIT","Information Systems","gm228","637","2","8192"
"3379","bmw091.serverfarm.cornell.edu","Linux","Active","R534702","CIT","Information Systems","gm228","436","1","4096"
"3381","oxton130.serverfarm.cornell.edu","Linux","Gone","R534702","CIT","Information Systems","gm228","185","1","4096"
"3382","lib-arxiv-012.serverfarm.cornell.edu","Linux","Active","L683714","DIGITAL LIBRARY AND INFORM TECH","","cam2","236","2","12288"
"3383","sf-infranode433.serverfarm.cornell.edu","Linux","Active","R524870","CIT","Systems & Operations","ljc1","57","6","6144"
"3384","lib-arxiv-014.serverfarm.cornell.edu","Linux","Active","L683714","DIGITAL LIBRARY AND INFORM TECH","","cam2","145","6","6144"
"3385","lib-arxiv-013.serverfarm.cornell.edu","Linux","Active","L683714","DIGITAL LIBRARY AND INFORM TECH","","cam2","145","6","6144"
"3386","lib-euclid-001.serverfarm.cornell.edu","Linux","Active","L683720","DIGITAL LIBRARY AND INFORM TECH","","cam2","838","4","4096"
"3387","acadtech10.serverfarm.cornell.edu","Linux","Gone","R554733","CIT","Academic Technology Services & User Support","tam42","310","1","2048"
"3388","sf-lib-inf-004.serverfarm.cornell.edu","Linux","Active","L854711","DIGITAL LIBRARY AND INFORM TECH","","cam2","236","4","8192"
"3394","sf-lib-app-012.serverfarm.cornell.edu","Linux","Active","L853721","DIGITAL LIBRARY AND INFORM TECH","","cam2","196","2","4096"
"3397","sf-lib-app-013.serverfarm.cornell.edu","Linux","Active","L918307","OLIN Library","","cam2","116","2","4096"
"3398","ahab4.ornith.cornell.edu","Linux","Active","1718961","LABORATORY OF ORNITHOLOGY","","crp11","47","1","4096"
"3399","ahab5.ornith.cornell.edu","Linux","Active","1718961","LABORATORY OF ORNITHOLOGY","","crp11","1030","1","4096"
"3400","bmw092.serverfarm.cornell.edu","Linux","Active","R534702","CIT","Information Systems","gm228","126","2","8192"
"3403","lsitools.serverfarm.cornell.edu","Linux","Gone","R524870","CIT","Systems & Operations","ljc1","38","16",""
"3404","webhost006.serverfarm.cornell.edu","Linux","Gone","R704755","CIT","Information Systems","sml34","67","1","2048"
"3405","cork34.serverfarm.cornell.edu","Linux","Gone","R704710","CIT","IT Security","se10","52","1","2048"
"3406","oxton131.serverfarm.cornell.edu","Linux","Gone","R534702","CIT","Information Systems","gm228","185","1","2048"
"3407","oxton132.serverfarm.cornell.edu","Linux","Gone","R534702","CIT","Information Systems","gm228","186","2","4096"
"3411","kuali185.serverfarm.cornell.edu","Linux","Gone","R704750","CIT","Information Systems","sjc37","86","1","4096"
"3413","husky04.serverfarm.cornell.edu","Linux","Active","R534702","CIT","Information Systems","gm228","135","1","2048"
"3414","sf-integr-np001.serverfarm.cornell.edu","Linux","Active","R704750","CIT","Information Systems","vm57","145","2","8192"
"3415","alva05.serverfarm.cornell.edu","Linux","Gone","R524717","CIT","Support","pb10","536","1","2048"
"3416","limerock06.mail.cornell.edu","Linux","Active","R524717","CIT","Support","pb10","391","2","4096"
"3417","limerock05.mail.cornell.edu","Linux","Active","R524717","CIT","Support","pb10","391","2","4096"
"3418","limerock07.mail.cornell.edu","Linux","Active","R524717","CIT","Support","pb10","391","4","4096"
"3421","sf-capps-004.serverfarm.cornell.edu","Linux","Active","R704750","CIT","Information Systems","vm57","578","2","8192"
"3422","sf-capps-np002.serverfarm.cornell.edu","Linux","Active","R704750","CIT","Information Systems","vm57","578","2","8192"
"3426","tahoe01.serverfarm.cornell.edu","Linux","Active","P753705","FACILITIES OPERATIONS","","mem25","86","2","2048"
"3427","tahoe02.serverfarm.cornell.edu","Linux","Active","P753705","FACILITIES OPERATIONS","","mem25","86","2","4096"
"3428","sf-integr-np002.serverfarm.cornell.edu","Linux","Active","R704750","CIT","Information Systems","vm57","136","2","8192"
"3429","kuali186.serverfarm.cornell.edu","Linux","Gone","R704750","CIT","Information Systems","sjc37","87","2","8192"
"3436","bmw093.serverfarm.cornell.edu","Linux","Active","R534702","CIT","Information Systems","gm228","161","2","8192"
"3437","sf-lib-app-014.serverfarm.cornell.edu","Linux","Active","L914707","CALS Mann Library","DIGITAL LIBRARY SUPPORT","cam2","116","2","2048"
"3438","bmw094.serverfarm.cornell.edu","Linux","Active","R534702","CIT","Information Systems","gm228","703","1","4096"
"3439","bmw095.serverfarm.cornell.edu","Linux","Gone","R534702","CIT","Information Systems","gm228","829","4","8192"
"3440","bmw096.serverfarm.cornell.edu","Linux","Gone","R534702","CIT","Information Systems","gm228","303","1","4096"
"3441","bmw097.serverfarm.cornell.edu","Linux","Gone","R534702","CIT","Information Systems","gm228","303","2","4096"
"3442","bmw098.serverfarm.cornell.edu","Linux","Gone","R534702","CIT","Information Systems","gm228","406","1","4096"
"3453","lib-ld-001.serverfarm.cornell.edu","Linux","Active","L858309","DIGITAL LIBRARY AND INFORM TECH","","cam2","116","2","8192"
"3455","sf-xcapps-np002.serverfarm.cornell.edu","Linux","Gone","R704750","CIT","Information Systems","vm57","87","2","4096"
"3458","xwebhost003.serverfarm.cornell.edu","Linux","Active","R704750","CIT","Information Systems","sml34","67","1","2048"
"3459","xwebhost004.serverfarm.cornell.edu","Linux","Decommission","R704750","CIT","Information Systems","sml34","67","1","2048"
"3460","xwebhost005.serverfarm.cornell.edu","Linux","Decommission","R704750","CIT","Information Systems","sml34","67","1","2048"
"3461","deedee01.ornith.cornell.edu","Linux","Active","1718460","LABORATORY OF ORNITHOLOGY","","crp11","185","2","1024"
"3463","sf-integr-001.serverfarm.cornell.edu","Linux","Active","R704750","CIT","Information Systems","vm57","86","2","8192"
"3464","sf-integr-002.serverfarm.cornell.edu","Linux","Active","R704750","CIT","Information Systems","vm57","86","2","8192"
"3465","sf-integr-np003.serverfarm.cornell.edu","Linux","Active","R704750","CIT","Information Systems","vm57","86","2","8192"
"3466","sf-integr-np004.serverfarm.cornell.edu","Linux","Active","R704750","CIT","Information Systems","vm57","86","2","8192"
"3467","alva05.mail.cornell.edu","Linux","Gone","R524717","CIT","Support","pb10","424","2","4096"
"3468","lib-arxiv-015.serverfarm.cornell.edu","Linux","Active","L683714","DIGITAL LIBRARY AND INFORM TECH","","cam2","135","4","8192"
"3475","kuali187.serverfarm.cornell.edu","Linux","Active","R704750","CIT","Information Systems","sjc37","47","2","8192"
"3476","kuali188.serverfarm.cornell.edu","Linux","Active","R704750","CIT","Information Systems","sjc37","47","2","8192"
"3477","kuali189.serverfarm.cornell.edu","Linux","Active","R704750","CIT","Information Systems","sjc37","47","2","8192"
"3478","kuali190.serverfarm.cornell.edu","Linux","Active","R704750","CIT","Information Systems","sjc37","47","2","8192"
"3479","kuali191.serverfarm.cornell.edu","Linux","Active","R704750","CIT","Information Systems","sjc37","47","2","8192"
"3480","kuali192.serverfarm.cornell.edu","Linux","Active","R704750","CIT","Information Systems","sjc37","47","2","8192"
"3481","kuali193.serverfarm.cornell.edu","Linux","Active","R704750","CIT","Information Systems","sjc37","47","2","8192"
"3482","kuali195.serverfarm.cornell.edu","Linux","Active","R704750","CIT","Information Systems","sjc37","47","2","8192"
"3483","kuali194.serverfarm.cornell.edu","Linux","Active","R704750","CIT","Information Systems","sjc37","47","2","8192"
"3484","kuali196.serverfarm.cornell.edu","Linux","Active","R704750","CIT","Information Systems","sjc37","47","2","8192"
"3485","kuali197.serverfarm.cornell.edu","Linux","Active","R704750","CIT","Information Systems","sjc37","47","2","8192"
"3486","alva06.mail.cornell.edu","Linux","Gone","R524717","CIT","Support","pb10","424","2","4096"
"3487","bmw099.serverfarm.cornell.edu","Linux","Active","R534702","CIT","Information Systems","jrc42","726","4","16384"
"3489","oxton133.serverfarm.cornell.edu","Linux","Active","R534702","CIT","Information Systems","gm228","150","1","4096"
"3490","bmw100.serverfarm.cornell.edu","Linux","Active","R534702","CIT","Information Systems","gm228","155","1","6144"
"3491","cork35.serverfarm.cornell.edu","Linux","Active","R704710","CIT","IT Security","se10","52","1","2048"
"3492","cork36.serverfarm.cornell.edu","Linux","Active","R704710","CIT","IT Security","se10","52","1","2048"
"3493","bmw101.serverfarm.cornell.edu","Linux","Active","R534702","CIT","Information Systems","gm228","145","1","4096"
"3495","alva04.mail.cornell.edu","Linux","Gone","R524717","CIT","Support","pb10","424","2","8192"
"3500","bmw102.serverfarm.cornell.edu","Linux","Active","R534702","CIT","Information Systems","gm228","116","1","4096"
"3501","sf-lib-dig-014.serverfarm.cornell.edu","Linux","Active","L854711","DIGITAL LIBRARY AND INFORM TECH","","cam2","431","2","8192"
"3502","sf-lib-dig-015.serverfarm.cornell.edu","Linux","Active","L854711","DIGITAL LIBRARY AND INFORM TECH","","cam2","436","2","4096"
"3504","lib-dev-020.serverfarm.cornell.edu","Linux","Active","L854711","DIGITAL LIBRARY AND INFORM TECH","","cam2","234","2","8192"
"3505","sf-infranode050.serverfarm.cornell.edu","Linux","Active","R524870","CIT","Systems & Operations","ljc1","67","1","2048"
"3510","bmw103.serverfarm.cornell.edu","Linux","Active","R534702","CIT","Information Systems","gm228","199","2","4096"
"3511","bmw104.serverfarm.cornell.edu","Linux","Active","R534702","CIT","Information Systems","gm228","199","2","4096"
"3512","bmw105.serverfarm.cornell.edu","Linux","Active","R534702","CIT","Information Systems","gm228","199","2","4096"
"3513","bmw106.serverfarm.cornell.edu","Linux","Active","R534702","CIT","Information Systems","gm228","199","2","4096"
"3514","bmw107.serverfarm.cornell.edu","Linux","Active","R534702","CIT","Information Systems","gm228","199","2","4096"
"3523","bmw108.serverfarm.cornell.edu","Linux","Active","R534702","CIT","Information Systems","gm228","150","1","4096"
"3524","bmw109.serverfarm.cornell.edu","Linux","Gone","R534702","CIT","Information Systems","gm228","86","1","2048"
"3525","bmw110.serverfarm.cornell.edu","Linux","Gone","R534702","CIT","Information Systems","gm228","86","1","2048"
"3529","sf-xcapps-np003.serverfarm.cornell.edu","Linux","Active","R704750","CIT","Information Systems","vm57","116","1","1024"
"3532","webhost007.serverfarm.cornell.edu","Linux","Gone","R704755","CIT","Information Systems","sml34","106","1","4096"
"3533","kuali198.serverfarm.cornell.edu","Linux","Active","R704750","CIT","Information Systems","sjc37","47","2","8192"
"3537","oxton134.serverfarm.cornell.edu","Linux","Active","R534702","CIT","Information Systems","gm228","200","1","4096"
"3545","sf-lib-web-007.serverfarm.cornell.edu","Linux","Active","L854711","DIGITAL LIBRARY AND INFORM TECH","","cam2","333","2","4096"
"3547","sf-infranode525.serverfarm.cornell.edu","Linux","Gone","R524870","CIT","Systems & Operations","ljc1","42","1","1024"
"3548","sf-sas-web-110.serverfarm.cornell.edu","Linux","Active","G123008","SAS IT Enterprise","","mm129","116","2","4096"
"3549","ashford10.serverfarm.cornell.edu","Linux","Gone","R704750","CIT","Information Systems","sjc37","234","2","8192"
"3561","sf-infranode526.serverfarm.cornell.edu","Linux","Active","R524870","CIT","Systems & Operations","ljc1","86","1","1024"
"3563","bmw111.serverfarm.cornell.edu","Linux","Gone","R534702","CIT","Information Systems","gm228","145","1","4096"
"3564","granada01.mail.cornell.edu","Linux","Active","R524717","CIT","Support","pb10","91","1","4096"
"3565","granada02.mail.cornell.edu","Linux","Gone","R524717","CIT","Support","pb10","57","1","4096"
"3566","par35.serverfarm.cornell.edu","Linux","Gone","R704710","CIT","IT Security","se10","66","1","2048"
"3567","par36.serverfarm.cornell.edu","Linux","Gone","R704710","CIT","IT Security","se10","66","1","2048"
"3572","sf-infranode051.serverfarm.cornell.edu","Linux","Active","R524870","CIT","Systems & Operations","ljc1","185","2","2048"
"3573","sf-infranode527.serverfarm.cornell.edu","Linux","Active","R524870","CIT","Systems & Operations","ljc1","185","2","2048"
"3577","cork37.serverfarm.cornell.edu","Linux","Active","R704710","CIT","IT Security","se10","52","1","2048"
"3578","cork38.serverfarm.cornell.edu","Linux","Active","R704710","CIT","IT Security","se10","52","1","2048"
"3579","bmw112.serverfarm.cornell.edu","Linux","Active","R534702","CIT","Information Systems","gm228","150","1","4096"
"3581","cork39.serverfarm.cornell.edu","Linux","Active","R704710","CIT","IT Security","se10","52","1","6144"
"3582","cork40.serverfarm.cornell.edu","Linux","Active","R704710","CIT","IT Security","se10","52","1","6144"
"3583","cork41.serverfarm.cornell.edu","Linux","Active","R704710","CIT","IT Security","se10","52","1","4096"
"3584","cork42.serverfarm.cornell.edu","Linux","Active","R704710","CIT","IT Security","se10","52","1","4096"
"3585","cork43.serverfarm.cornell.edu","Linux","Active","R704710","CIT","IT Security","se10","52","1","4096"
"3586","xwebhost006.serverfarm.cornell.edu","Linux","Active","G474803","OFFICE OF VICE PROVOST FOR RESEARCH","RAIS - GP ALLOCATION","zj52","175","1","2048"
"3587","xwebhost007.serverfarm.cornell.edu","Linux","Active","G474803","OFFICE OF VICE PROVOST FOR RESEARCH","RAIS - GP ALLOCATION","zj52","280","1","2048"
"3588","kuali199.serverfarm.cornell.edu","Linux","Active","R704750","CIT","Information Systems","sjc37","47","2","4096"
"3589","kuali202.serverfarm.cornell.edu","Linux","Active","R704750","CIT","Information Systems","sjc37","47","2","4096"
"3590","kuali200.serverfarm.cornell.edu","Linux","Active","R704750","CIT","Information Systems","sjc37","47","2","4096"
"3591","kuali201.serverfarm.cornell.edu","Linux","Active","R704750","CIT","Information Systems","sjc37","47","2","4096"
"3593","audi3.serverfarm.cornell.edu","Linux","Gone"," "," "," ","","666","16",""
"3594","audi4.serverfarm.cornell.edu","Linux","Gone"," "," "," ","","666","8",""
"3596","sf-infranode052.serverfarm.cornell.edu","Linux","Active","R524870","CIT","Systems & Operations","ljc1","79","2","4096"
"3599","sf-lib-web-008.serverfarm.cornell.edu","Linux","Active","L854711","DIGITAL LIBRARY AND INFORM TECH","","cam2","185","2","4096"
"3600","bmw113.serverfarm.cornell.edu","Linux","Gone","R534702","CIT","Information Systems","gm228","726","2","8192"
"3601","dodo01.ornith.cornell.edu","Linux","Active","1718460","LABORATORY OF ORNITHOLOGY","","jag73","169","2","12288"
"3605","bmw114.serverfarm.cornell.edu","Linux","Active","R534702","CIT","Information Systems","gm228","224","1","4096"
"3611","sf-infranode053.serverfarm.cornell.edu","Linux","Active","R524870","CIT","Systems & Operations","ljc1","87","2","4096"
"3614","limerock08.mail.cornell.edu","Linux","Active","R524717","CIT","Support","pb10","391","2","4096"
"3615","bmw115.serverfarm.cornell.edu","Linux","Gone","R534702","CIT","Information Systems","gm228","170","2","8192"
"3616","sf-infranode441.serverfarm.cornell.edu","Linux","Active","R524870","CIT","Systems & Operations","ljc1","47","1","1024"
"3618","kuali203.serverfarm.cornell.edu","Linux","Gone","R704750","CIT","Information Systems","sjc37","47","2","4096"
"3619","kuali204.serverfarm.cornell.edu","Linux","Gone","R704750","CIT","Information Systems","sjc37","47","2","4096"
"3620","kuali205.serverfarm.cornell.edu","Linux","Active","R704750","CIT","Information Systems","sjc37","47","2","4096"
"3621","kuali206.serverfarm.cornell.edu","Linux","Active","R704750","CIT","Information Systems","sjc37","47","2","8192"
"3624","webhost008.serverfarm.cornell.edu","Linux","Gone","R704755","CIT","Information Systems","sml34","67","1","2048"
"3627","kuali208.serverfarm.cornell.edu","Linux","Gone","R704750","CIT","Information Systems","sjc37","77","2","8192"
"3631","webhost009.serverfarm.cornell.edu","Linux","Gone","R704755","CIT","Information Systems","sml34","76","1","2048"
"3632","kuali210.serverfarm.cornell.edu","Linux","Gone","R704750","CIT","Information Systems","sjc37","77","2","4096"
"3633","kuali207.serverfarm.cornell.edu","Linux","Gone","R704750","CIT","Information Systems","sjc37","77","2","4096"
"3634","kuali209.serverfarm.cornell.edu","Linux","Gone","R704750","CIT","Information Systems","sjc37","77","2","16384"
"3635","bmw116.serverfarm.cornell.edu","Linux","Gone","R534702","CIT","Information Systems","gm228","727","2","8192"
"3636","bmw117.serverfarm.cornell.edu","Linux","Active","R534702","CIT","Information Systems","gm228","155","1","6144"
"3644","kuali211.serverfarm.cornell.edu","Linux","Gone","R704750","CIT","Information Systems","sjc37","77","2","4096"
"3647","webhost010.serverfarm.cornell.edu","Linux","Gone","R704755","CIT","Information Systems","sml34","224","1","4096"
"3648","ashford11.serverfarm.cornell.edu","Linux","Gone","R704750","CIT","Information Systems","sjc37","530","2","4096"
"3654","vespa.serverfarm.cornell.edu","Linux","Active","R524870","CIT","Systems & Operations","ljc1","44","24",""
"3658","oxton135.serverfarm.cornell.edu","Linux","Active","1003702","CALS","ADMIN COMPUTING - COLLEGEWIDE","gm228","155","1","4096"
"3659","oxton136.serverfarm.cornell.edu","Linux","Active","1003702","CALS","ADMIN COMPUTING - COLLEGEWIDE","gm228","155","1","4096"
"3660","oxton137.serverfarm.cornell.edu","Linux","Active","1003702","CALS","ADMIN COMPUTING - COLLEGEWIDE","gm228","155","1","6144"
"3661","cork44.serverfarm.cornell.edu","Linux","Active","R704710","CIT","IT Security","se10","52","1","2048"
"3662","cork46.serverfarm.cornell.edu","Linux","Active","R704710","CIT","IT Security","se10","52","1","2048"
"3663","cork45.serverfarm.cornell.edu","Linux","Active","R704710","CIT","IT Security","se10","52","1","2048"
"3664","cork47.serverfarm.cornell.edu","Linux","Active","R704710","CIT","IT Security","se10","52","1","2048"
"3665","lib-dev-021.serverfarm.cornell.edu","Linux","Active","L914701","CALS Mann Library","CORNELL VIVO","cam2","234","2","2048"
"3666","sf-lib-app-015.serverfarm.cornell.edu","Linux","Decommission","L913702","CALS Mann Library","DIGITAL LIBRARY-TEEAL DESIGNATED","cam2","116","2","8192"
"3667","webhost011.serverfarm.cornell.edu","Linux","Active","1003702","CALS","ADMIN COMPUTING - COLLEGEWIDE","ch464","76","1","2048"
"3668","webhost012.serverfarm.cornell.edu","Linux","Active","1003702","CALS","ADMIN COMPUTING - COLLEGEWIDE","ch464","76","1","2048"
"3674","sf-en-res-004.serverfarm.cornell.edu","Linux","Active","F563404","OFFICE OF COMPUTING AND INFORMATION SCIENCE","","da10","1045","2","16384"
"3676","bmw118.serverfarm.cornell.edu","Linux","Gone","R534702","CIT","Information Systems","gm228","726","2","8192"
"3682","sf-infranode442.serverfarm.cornell.edu","Linux","Active","R524870","CIT","Systems & Operations","ljc1","57","6","6144"
"3685","sf-lib-inf-005.serverfarm.cornell.edu","Linux","Active","L854711","DIGITAL LIBRARY AND INFORM TECH","","cam2","116","2","2048"
"3686","lib-dev-022.serverfarm.cornell.edu","Linux","Active","L854711","DIGITAL LIBRARY AND INFORM TECH","","cam2","116","2","2048"
"3688","sf-bb-np001.serverfarm.cornell.edu","Linux","Gone","R704750","CIT","Information Systems","vm57","77","2","8192"
"3692","webhost013.serverfarm.cornell.edu","Linux","Gone","R704755","CIT","Information Systems","sml34","224","1","4096"
"3694","troon07.serverfarm.cornell.edu","Linux","Gone","R704750","CIT","Information Systems","tam42","77","3","10240"
"3701","rhnsat.cit.cornell.edu","Linux","Active","R524870","CIT","Systems & Operations","ljc1","2228","2","4096"
"3702","webhost014.serverfarm.cornell.edu","Linux","Active","R704755","CIT","Information Systems","sml34","86","1","8192"
"3708","webhost015.serverfarm.cornell.edu","Linux","Active","R704755","CIT","Information Systems","sml34","224","1","4096"
"3709","jeep01.serverfarm.cornell.edu","Linux","Active","R534702","CIT","Information Systems","jrc42","137","2","2048"
"3711","xwebhost008.serverfarm.cornell.edu","Linux","Active","G124708","SAS","ADMISSIONS AND FINANCIAL AID","sml34","76","1","2048"
"3712","xwebhost009.serverfarm.cornell.edu","Linux","Active","G124708","SAS","ADMISSIONS AND FINANCIAL AID","sml34","76","2","8192"
"3714","webhost016.serverfarm.cornell.edu","Linux","Active","R704755","CIT","Information Systems","sml34","76","1","2048"
"3715","webhost017.serverfarm.cornell.edu","Linux","Active","R704755","CIT","Information Systems","sml34","76","1","2048"
"3716","xwebhost010.serverfarm.cornell.edu","Linux","Active","R704755","CIT","Information Systems","sml34","322","1","2048"
"3717","xwebhost011.serverfarm.cornell.edu","Linux","Active","R704755","CIT","Information Systems","sml34","76","1","2048"
"3718","xwebhost012.serverfarm.cornell.edu","Linux","Active","R704755","CIT","Information Systems","sml34","1284","2","4096"
"3719","xwebhost013.serverfarm.cornell.edu","Linux","Active","R704755","CIT","Information Systems","sml34","86","1","2048"
"3721","bmw119.serverfarm.cornell.edu","Linux","Gone","R534702","CIT","Information Systems","gm228","372","2","8192"
"3722","dodo02.ornith.cornell.edu","Linux","Active","1718460","LABORATORY OF ORNITHOLOGY","","jag73","190","8","32768"
"3724","cbsstore01.serverfarm.cornell.edu","Linux","Gone","R073875","Cornell Business Services","CAMPUS STORE-SYSTEMS OPERATIONS","kdd6","244","4","16384"
"3725","cbsstore02.serverfarm.cornell.edu","Linux","Gone","R073875","Cornell Business Services","CAMPUS STORE-SYSTEMS OPERATIONS","kdd6","244","4","16384"
"3727","kuali212.serverfarm.cornell.edu","Linux","Gone","R704750","CIT","Information Systems","sjc37","77","2","4096"
"3728","kuali214.serverfarm.cornell.edu","Linux","Gone","R704750","CIT","Information Systems","sjc37","77","2","4096"
"3729","oxton138.serverfarm.cornell.edu","Linux","Active","R534702","CIT","Information Systems","gm228","235","2","8192"
"3730","xwebhost014.serverfarm.cornell.edu","Linux","Gone","R704755","CIT","Information Systems","sml34","195","1","4096"
"3731","webhost018.serverfarm.cornell.edu","Linux","Active","S564705","Office of Minority & Educ Affairs","","sml34","121","1","4096"
"3735","bmw120.serverfarm.cornell.edu","Linux","Gone","R534702","CIT","Information Systems","gm228","273","2","8192"
"3736","bmw121.serverfarm.cornell.edu","Linux","Active","R534702","CIT","Information Systems","gm228","155","1","4096"
"3737","bbldtest01.serverfarm.cornell.edu","Linux","Gone","R704750","CIT","Information Systems","ah97","37","16",""
"3738","bbldtest02.serverfarm.cornell.edu","Linux","Gone","R704750","CIT","Information Systems","ah97","37","16",""
"3739","lib-viv-001.serverfarm.cornell.edu","Linux","Active","L914701","CALS Mann Library","CORNELL VIVO","cam2","810","32",""
"3740","coneflower2.serverfarm.cornell.edu","Linux","Active","R532503","CIT","Systems & Operations","ljc1","106","2","2048"
"3741","webhost019.serverfarm.cornell.edu","Linux","Active","G123008","SAS IT Enterprise","","mm129","441","1","8192"
"3757","xwebhost015.serverfarm.cornell.edu","Linux","Active","1047692","COOPERATIVE EXTENSION","","hlm2","106","1","4096"
"3763","sf-ps-009","Linux","Active","R704750","CIT","Information Systems","vm57","234","3","6144"
"3764","sf-ps-010","Linux","Active","R704750","CIT","Information Systems","vm57","333","4","16384"
"3765","sf-ps-008","Linux","Active","R704750","CIT","Information Systems","vm57","234","4","8192"
"3766","xwebhost016.serverfarm.cornell.edu","Linux","Active","1047692","COOPERATIVE EXTENSION","","hlm2","106","1","4096"
"3770","sf-lib-dig-016.serverfarm.cornell.edu","Linux","Active","L854711","DIGITAL LIBRARY AND INFORM TECH","","cam2","1145","2","8192"
"3771","summit01.serverfarm.cornell.edu","Linux","Active","A014110","COLLEGE OF ARCHITECTURE ART & PLANNING","","ah97","37","1","8192"
"3772","oxton139.serverfarm.cornell.edu","Linux","Active","R534702","CIT","Information Systems","vm57","3394","8","16384"
"3773","webhost020.serverfarm.cornell.edu","Linux","Active","3013751","CHE - Human Development","","rar28","455","1","4096"
"3776","webhost021.serverfarm.cornell.edu","Linux","Active","R704755","CIT","Information Systems","sml34","76","1","2048"
"3777","webhost022.serverfarm.cornell.edu","Linux","Active","R704755","CIT","Information Systems","sml34","76","1","2048"
"3778","webhost023.serverfarm.cornell.edu","Linux","Active","R704755","CIT","Information Systems","sml34","76","1","2048"
"3779","webhost024.serverfarm.cornell.edu","Linux","Active","R704755","CIT","Information Systems","sml34","76","1","2048"
"3783","kuali213.serverfarm.cornell.edu","Linux","Active","R704750","CIT","Information Systems","sjc37","77","2","16384"
"3784","kuali216.serverfarm.cornell.edu","Linux","Gone","R704750","CIT","Information Systems","sjc37","77","2","16384"
"3787","oxton140.serverfarm.cornell.edu","Linux","Active","R534702","CIT","Information Systems","gm228","150","1","4096"
"3788","oxton141.serverfarm.cornell.edu","Linux","Active","R534702","CIT","Information Systems","gm228","166","1","4096"
"3789","oxton142.serverfarm.cornell.edu","Linux","Active","R534702","CIT","Information Systems","gm228","150","1","4096"
"3790","sf-ps-013","Linux","Active","R704750","CIT","Information Systems","vm57","234","4","12288"
"3791","sf-ps-014","Linux","Active","R704750","CIT","Information Systems","vm57","234","4","4096"
"3792","webhost025.serverfarm.cornell.edu","Linux","Active","R704755","CIT","Information Systems","sml34","76","2","4096"
"3793","webhost026.serverfarm.cornell.edu","Linux","Active","R704755","CIT","Information Systems","sml34","76","2","4096"
"3794","webhost027.serverfarm.cornell.edu","Linux","Active","R704755","CIT","Information Systems","sml34","76","1","4096"
"3795","webhost028.serverfarm.cornell.edu","Linux","Active","R704755","CIT","Information Systems","sml34","76","1","4096"
"3796","webhost029.serverfarm.cornell.edu","Linux","Active","R704755","CIT","Information Systems","sml34","88","1","3072"
"3797","webhost030.serverfarm.cornell.edu","Linux","Active","G644700","FINANCIAL SYSTEMS","","dmf39","76","1","2048"
"3801","webhost031.serverfarm.cornell.edu","Linux","Active","R704755","CIT","Information Systems","sml34","76","1","2048"
"3802","webhost032.serverfarm.cornell.edu","Linux","Active","R704755","CIT","Information Systems","sml34","76","1","2048"
"3803","oxton143.serverfarm.cornell.edu","Linux","Active","R534702","CIT","Information Systems","gm228","204","1","4096"
"3805","oxton144.serverfarm.cornell.edu","Linux","Active","R534702","CIT","Information Systems","gm228","155","1","4096"
"3815","sf-xcapps-np005.serverfarm.cornell.edu","Linux","Active","R704750","CIT","Information Systems","vm57","101","1","1024"
"3824","webhost033.serverfarm.cornell.edu","Linux","Active","R704755","CIT","Information Systems","zj52","76","2","8192"
"3825","webhost034.serverfarm.cornell.edu","Linux","Active","R704755","CIT","Information Systems","zj52","76","2","8192"
"3831","titan04.serverfarm.cornell.edu","Linux","Active","R504704","CIT","IT Security","gl89","136","1","1024"
"3832","webhost035.serverfarm.cornell.edu","Linux","Active","S103200","SURVEY RESEARCH INSTITUTE","ILR","xx37","76","1","4096"
"3833","webhost036.serverfarm.cornell.edu","Linux","Active","S103200","SURVEY RESEARCH INSTITUTE","ILR","xx37","76","4","8192"
"3834","oxton145.serverfarm.cornell.edu","Linux","Active","R534702","CIT","Information Systems","gm228","150","1","4096"
"3835","oxton146.serverfarm.cornell.edu","Linux","Active","R534702","CIT","Information Systems","gm228","155","1","4096"
"3836","lib-usda-01.serverfarm.cornell.edu","Linux","Active","L918741","CALS Mann Library","","cam2","116","2","8192"
"3837","lib-usda-02.serverfarm.cornell.edu","Linux","Active","L918741","CALS Mann Library","","cam2","116","2","8192"
"3845","oxton147.serverfarm.cornell.edu","Linux","Active","R534702","CIT","Information Systems","gm228","232","1","4096"
"3846","oxton148.serverfarm.cornell.edu","Linux","Active","R534702","CIT","Information Systems","gm228","171","2","8192"
"3849","bbpreview01.serverfarm.cornell.edu","Linux","Gone","R704750","CIT","Information Systems","vm57","258","3","16384"
"3850","bmw122.serverfarm.cornell.edu","Linux","Gone","R534702","CIT","Information Systems","gm228","647","2","8192"
"3856","acadtech13.serverfarm.cornell.edu","Linux","Active","R554722","CIT","Academic Technology Services & User Support","tam42","116","1","2048"
"3858","webhost037.serverfarm.cornell.edu","Linux","Active","3013746","CHE - Human Development","","rar28","106","1","4096"
"3859","netman10.serverfarm.cornell.edu","Linux","Active","R532514","CIT","Network & Communication Services","ljc1","57","1","1024"
"3860","webhost038.serverfarm.cornell.edu","Linux","Gone","R704755","CIT","Information Systems","sml34","76","1","2048"
"3861","webhost039.serverfarm.cornell.edu","Linux","Active","R704755","CIT","Information Systems","sml34","76","1","2048"
"3862","webhost040.serverfarm.cornell.edu","Linux","Active","R704755","CIT","Information Systems","sml34","76","1","2048"
"3863","webhost041.serverfarm.cornell.edu","Linux","Active","R704755","CIT","Information Systems","sml34","76","1","2048"
"3864","webhost042.serverfarm.cornell.edu","Linux","Active","R704755","CIT","Information Systems","sml34","81","2","4096"
"3865","webhost043.serverfarm.cornell.edu","Linux","Active","R704755","CIT","Information Systems","sml34","81","2","4096"
"3866","xwebhost017.serverfarm.cornell.edu","Linux","Gone","R704755","CIT","Information Systems","sml34","77","1","2048"
"3867","webhost044.serverfarm.cornell.edu","Linux","Active","R704755","CIT","Information Systems","bgl1","76","2","4096"
"3869","kinglet.ornith.cornell.edu","Linux","Active","1718460","LABORATORY OF ORNITHOLOGY","","jag73","1433","32",""
"3870","sf-lib-its-002.serverfarm.cornell.edu","Linux","Gone","L914706","CALS Mann Library","","cam2","117","2","4096"
"3871","sf-lib-inf-006.serverfarm.cornell.edu","Linux","Active","L854711","DIGITAL LIBRARY AND INFORM TECH","","cam2","236","2","4096"
"3872","sf-lib-app-016.serverfarm.cornell.edu","Linux","Active","L918307","OLIN Library","","cam2","155","2","4096"
"3873","colt03.serverfarm.cornell.edu","Linux","Active","R524881","CIT","Systems & Operations","bnm3","86","1","2048"
"3874","sf-infranode445.serverfarm.cornell.edu","Linux","Active","R524870","CIT","Systems & Operations","ljc1","57","2","2048"
"3875","sf-sas-web-111.serverfarm.cornell.edu","Linux","Gone","G123008","SAS IT Enterprise","","mm129","135","2","8192"
"3876","sf-sas-web-112.serverfarm.cornell.edu","Linux","Gone","G123008","SAS IT Enterprise","","mm129","135","2","8192"
"3877","sf-sas-db-105.serverfarm.cornell.edu","Linux","Gone","G123008","SAS IT Enterprise","","mm129","116","2","8192"
"3880","sf-ps-015.serverfarm.cornell.edu","Linux","Active","R704750","CIT","Information Systems","vm57","96","2","4096"
"3881","sf-en-res-005.serverfarm.cornell.edu","Linux","Active","JTC3800","ENGINEERING OIT - TECHNION","","da10","116","2","2048"
"3883","bmw123.serverfarm.cornell.edu","Linux","Active","R534702","CIT","Information Systems","gm228","116","1","4096"
"3884","webhost045.serverfarm.cornell.edu","Linux","Active","1103704","CALS","","map18","81","1","2048"
"3885","sf-infranode446.serverfarm.cornell.edu","Linux","Active","R524870","CIT","Systems & Operations","ljc1","185","2","4096"
"3893","lib-usda-03.serverfarm.cornell.edu","Linux","Active","L918741","CALS Mann Library","","cam2","116","2","8192"
"3894","webhost046.serverfarm.cornell.edu","Linux","Active","R704755","CIT","Information Systems","sml34","76","1","2048"
"3895","webhost047.serverfarm.cornell.edu","Linux","Active","R704755","CIT","Information Systems","sml34","76","1","2048"
"3897","webhost048.serverfarm.cornell.edu","Linux","Active","G244705","AVP Operations","Budget","wcl9","76","1","2048"
"3898","sf-infranode058.serverfarm.cornell.edu","Linux","Active","R524870","CIT","Systems & Operations","ljc1","86","4","6144"
"3900","oxton149.serverfarm.cornell.edu","Linux","Active","R534702","CIT","Information Systems","gm228","726","2","4096"
"3901","oxton150.serverfarm.cornell.edu","Linux","Active","R534702","CIT","Information Systems","gm228","726","2","8192"
"3902","sf-infranode059.serverfarm.cornell.edu","Linux","Active","R524870","CIT","Systems & Operations","ljc1","90","1","1024"
"3903","acadtech14.serverfarm.cornell.edu","Linux","Active","R554722","CIT","Academic Technology Services & User Support","tam42","194","1","1024"
"3904","acadtech15.serverfarm.cornell.edu","Linux","Active","R554733","CIT","Academic Technology Services & User Support","tam42","805","1","2048"
"3905","webhost049.serverfarm.cornell.edu","Linux","Active","G364713","ALUMNI AFFAIRS & DEVELOPMENT SERVICES","","las236","76","1","4096"
"3906","lib-dev-023.serverfarm.cornell.edu","Linux","Active","L914707","CALS Mann Library","DIGITAL LIBRARY SUPPORT","cam2","57","2","2048"
"3908","bmw124.serverfarm.cornell.edu","Linux","Active","R534702","CIT","Information Systems","gm228","200","1","4096"
"3909","bmw125.serverfarm.cornell.edu","Linux","Active","R534702","CIT","Information Systems","gm228","199","1","4096"
"3910","bmw126.serverfarm.cornell.edu","Linux","Active","R534702","CIT","Information Systems","gm228","254","1","4096"
"3911","webhost050.serverfarm.cornell.edu","Linux","Active","G714700","COMMUNICATIONS","","zad3","116","2","4096"
"3912","webhost051.serverfarm.cornell.edu","Linux","Active","G714700","COMMUNICATIONS","","zad3","116","2","4096"
"3913","webhost052.serverfarm.cornell.edu","Linux","Active","G714700","COMMUNICATIONS","","zad3","110","2","4080"
"3914","webhost053.serverfarm.cornell.edu","Linux","Active","G714700","COMMUNICATIONS","","zad3","116","2","4096"
"3915","webhost054.serverfarm.cornell.edu","Linux","Active","G714700","COMMUNICATIONS","","zad3","116","2","4096"
"3916","webhost055.serverfarm.cornell.edu","Linux","Active","G714700","COMMUNICATIONS","","zad3","116","2","4096"
"3917","webhost056.serverfarm.cornell.edu","Linux","Active","G923210","University Communications","","zad3","96","2","8192"
"3918","webhost057.serverfarm.cornell.edu","Linux","Active","G923210","University Communications","","zad3","96","2","8192"
"3920","bmw127.serverfarm.cornell.edu","Linux","Gone","R534702","CIT","Information Systems","gm228","578","2","8192"
"3921","bmw128.serverfarm.cornell.edu","Linux","Active","R534702","CIT","Information Systems","jrc42","529","2","8192"
"3923","webhost058.serverfarm.cornell.edu","Linux","Active","F274700","OFFICE OF COMPUTING AND INFORMATION SCIENCE","","spb32","96","1","2048"
"3929","xwebhost018.serverfarm.cornell.edu","Linux","Gone","R704755","CIT","Information Systems","sml34","76","1","2048"
"3930","lib-dev-024.serverfarm.cornell.edu","Linux","Active","L683714","DIGITAL LIBRARY AND INFORM TECH","","cam2","435","2","2048"
"3931","lib-dev-025.serverfarm.cornell.edu","Linux","Active","L914707","CALS Mann Library","DIGITAL LIBRARY SUPPORT","cam2","136","2","2048"
"3932","net-print-test2.cit.cornell.edu","Linux","Gone","R513866","CIT","Systems & Operations","vm57","69","1","2048"
"3933","webhost059.serverfarm.cornell.edu","Linux","Active","R704755","CIT","Information Systems","sml34","111","2","4096"
"3936","lib-dev-026.serverfarm.cornell.edu","Linux","Gone","L914707","CALS Mann Library","DIGITAL LIBRARY SUPPORT","cam2","234","2","2048"
"3937","acadtech16.serverfarm.cornell.edu","Linux","Active","R554722","CIT","Academic Technology Services & User Support","tam42","121","2","4096"
"3938","acadtech17.serverfarm.cornell.edu","Linux","Active","R554722","CIT","Academic Technology Services & User Support","tam42","126","1","2048"
"3939","webhost060.serverfarm.cornell.edu","Linux","Active","R704755","CIT","Information Systems","sml34","81","2","4096"
"3940","lib-dev-027.serverfarm.cornell.edu","Linux","Active","L683714","DIGITAL LIBRARY AND INFORM TECH","","cam2","96","2","2048"
"3941","sf-lib-app-017.serverfarm.cornell.edu","Linux","Active","L854711","DIGITAL LIBRARY AND INFORM TECH","","cam2","238","6","16384"
"3942","acadtech18.serverfarm.cornell.edu","Linux","Active","R554722","CIT","Academic Technology Services & User Support","tam42","441","1","1024"
"3943","acadtech19.serverfarm.cornell.edu","Linux","Active","R554722","CIT","Academic Technology Services & User Support","tam42","258","1","1024"
"3950","dodot1.ornith.cornell.edu","Linux","Active","1718460","LABORATORY OF ORNITHOLOGY","","jag73","145","2","12288"
"3952","cambridge99.serverfarm.cornell.edu","Linux","Active","R524717","CIT","Support","pb10","77","2","4096"
"3953","cambridge08.serverfarm.cornell.edu","Linux","Active","R524717","CIT","Support","pb10","116","2","4096"
"3954","sf-chicken19.serverfarm.cornell.edu","Linux","Active","1713628","LABORATORY OF ORNITHOLOGY","","jag73","128","2","4096"
"3955","bmw129.serverfarm.cornell.edu","Linux","Active","R534702","CIT","Information Systems","gm228","2242","4","16384"
"3956","bmw130.serverfarm.cornell.edu","Linux","Gone","R534702","CIT","Information Systems","gm228","175","2","8192"
"3957","lib-discovr-08.serverfarm.cornell.edu","Linux","Active","L854711","DIGITAL LIBRARY AND INFORM TECH","","cam2","333","2","4096"
"3958","lib-dev-028.serverfarm.cornell.edu","Linux","Active","L854711","DIGITAL LIBRARY AND INFORM TECH","","cam2","136","2","2048"
"3959","lib-dev-029.serverfarm.cornell.edu","Linux","Active","L854711","DIGITAL LIBRARY AND INFORM TECH","","cam2","77","2","2048"
"3964","ws200.ornith.cornell.edu","Linux","Active","1718460","LABORATORY OF ORNITHOLOGY","","jag73","1032","4","16384"
"3966","webhost061.serverfarm.cornell.edu","Linux","Active","S244720","Office of the Vice Provost","","sml34","76","1","2048"
"3967","webhost062.serverfarm.cornell.edu","Linux","Active","U764300","Lab. of Atomic & Solid State Physics","L A S S P - GENERAL","rbr2","136","1","2048"
"3968","webhost063.serverfarm.cornell.edu","Linux","Active","G364713","ALUMNI AFFAIRS & DEVELOPMENT SERVICES","","las236","76","1","4096"
"3969","lib-dev-030.serverfarm.cornell.edu","Linux","Active","L914707","CALS Mann Library","DIGITAL LIBRARY SUPPORT","cam2","77","2","4096"
"3971","sf-xcapps-np006.serverfarm.cornell.edu","Linux","Active","R704750","CIT","Information Systems","vm57","234","2","2048"
"3972","lib-usda-04.serverfarm.cornell.edu","Linux","Active","L918741","CALS Mann Library","","cam2","136","2","2048"
"3975","webhost064.serverfarm.cornell.edu","Linux","Active","R704755","CIT","Information Systems","sml34","76","1","3072"
"3977","cork49.serverfarm.cornell.edu","Linux","Active","R704710","CIT","IT Security","se10","52","1","4096"
"3978","cork48.serverfarm.cornell.edu","Linux","Active","R704710","CIT","IT Security","se10","52","1","4096"
"3979","msg-build-rh5-32.serverfarm.cornell.edu","Linux","Active","R524717","CIT","Support","pb10","57","1","2048"
"3980","msg-build-rh5-64.serverfarm.cornell.edu","Linux","Active","R524717","CIT","Support","pb10","57","1","2048"
"3981","msg-build-rh6-32.serverfarm.cornell.edu","Linux","Active","R524717","CIT","Support","pb10","57","1","2048"
"3982","msg-build-rh6-64.serverfarm.cornell.edu","Linux","Active","R524717","CIT","Support","pb10","57","1","2048"
"3983","webhost065.serverfarm.cornell.edu","Linux","Active","R704755","CIT","Information Systems","sml34","76","1","1024"
"3984","webhost066.serverfarm.cornell.edu","Linux","Active","G364713","ALUMNI AFFAIRS & DEVELOPMENT SERVICES","","las236","129","2","8192"
"3985","webhost067.serverfarm.cornell.edu","Linux","Active","E543100","ENGINEERING OIT","","sml34","76","1","4096"
"3986","webhost069.serverfarm.cornell.edu","Linux","Active","G474803","OFFICE OF VICE PROVOST FOR RESEARCH","RAIS - GP ALLOCATION","zj52","127","1","4096"
"3987","webhost068.serverfarm.cornell.edu","Linux","Active","G474803","OFFICE OF VICE PROVOST FOR RESEARCH","RAIS - GP ALLOCATION","zj52","127","1","4096"
"3988","sf-ps-016","Linux","Active","R704750","CIT","Information Systems","vm57","234","2","4096"
"3989","sf-ps-017","Linux","Active","R704750","CIT","Information Systems","vm57","234","2","4096"
"3991","granada10.mail.cornell.edu","Linux","Active","R524717","CIT","Support","pb10","2543","2","16384"
"3992","lib-arxiv-016.serverfarm.cornell.edu","Linux","Active","L683714","DIGITAL LIBRARY AND INFORM TECH","","cam2","802","2","4096"
"3993","maxima10.mail.cornell.edu","Linux","Active","R524717","CIT","Support","pb10","1291","2","8192"
"3994","maxima11.mail.cornell.edu","Linux","Active","R524717","CIT","Support","pb10","1291","2","8192"
"3995","maxima12.mail.cornell.edu","Linux","Active","R524717","CIT","Support","pb10","1291","2","8192"
"3996","maxima13.mail.cornell.edu","Linux","Active","R524717","CIT","Support","pb10","1291","2","8192"
"3997","maxima14.mail.cornell.edu","Linux","Active","R524717","CIT","Support","pb10","1291","2","8192"
"3998","maxima15.mail.cornell.edu","Linux","Active","R524717","CIT","Support","pb10","1291","2","8192"
"3999","maxima16.mail.cornell.edu","Linux","Active","R524717","CIT","Support","pb10","1291","2","8192"
